symbol,ticker,exchange,qualified_pct,typ_annual_vol_pct,cagr_pct,buyhold_cagr_pct,profit_factor,max_dd_pct,trades_per_year,source_lists
NASDAQ:SOUN,SOUN,NASDAQ,100,139.6,7.7,-1.3,1.82,56.5,4.7,RebelAI
NYSE:IONQ,IONQ,NYSE,100,96.0,-0.7,26.3,0.95,76.5,5.0,RebelAI
NASDAQ:ARM,ARM,NASDAQ,100,74.9,4.8,68.7,1.27,46.9,8.4,RebelAI
NYSE:AI,AI,NYSE,100,70.4,-8.7,-32.8,0.35,63.2,4.6,RebelAI
NASDAQ:PLTR,PLTR,NASDAQ,100,67.1,17.7,61.6,4.69,35.6,5.0,RebelAI
NASDAQ:DDOG,DDOG,NASDAQ,100,62.2,7.4,30.2,3.73,18.9,8.2,RebelAI
NYSE:NET,NET,NYSE,100,61.4,20.4,49.4,4.36,52.6,4.3,RebelAI
NYSE:PATH,PATH,NYSE,100,60.6,-2.6,-26.1,0.48,24.6,4.1,RebelAI
NYSE:TDOC,TDOC,NYSE,100,57.7,2.9,-9.0,1.24,52.0,5.1,TC-Speculative
NASDAQ:AMD,AMD,NASDAQ,100,55.5,3.6,13.9,1.53,77.5,5.4,TC-Core | RebelAI
NYSE:SNOW,SNOW,NYSE,100,54.9,-6.7,3.9,0.43,52.0,6.0,RebelAI
NASDAQ:TSLA,TSLA,NASDAQ,100,53.9,9.3,39.1,1.93,34.1,6.4,RebelAI
NYSE:XYZ,XYZ,NYSE,100,50.6,5.9,18.3,1.62,43.9,7.4,TC-Speculative
NYSE:RNG,RNG,NYSE,100,47.8,5.1,10.0,1.65,45.1,5.9,TC-Exceptional
NYSE:CLF,CLF,NYSE,96,55.3,3.0,4.5,1.33,63.1,5.3,TC-Exceptional
NASDAQ:NVDA,NVDA,NASDAQ,96,48.7,11.2,33.7,3.92,39.3,5.8,RebelAI
NASDAQ:MRVL,MRVL,NASDAQ,96,45.2,2.8,10.9,1.68,54.0,5.1,TC-Core | RebelAI
NYSE:AA,AA,NYSE,96,42.3,1.5,-2.7,1.31,54.6,4.9,TC-Speculative
NASDAQ:PENN,PENN,NASDAQ,96,40.9,6.0,14.6,2.27,48.2,4.6,TC-Speculative
NASDAQ:QUBT,QUBT,NASDAQ,95,197.7,-48.7,-27.0,0.11,100.0,3.1,RebelAI
NASDAQ:SMCI,SMCI,NASDAQ,95,57.2,7.5,19.9,2.40,44.3,7.0,RebelAI
NYSE:FCX,FCX,NYSE,92,46.8,1.5,7.3,1.17,53.6,5.5,TC-Exceptional
NYSE:HP,HP,NYSE,92,40.6,3.0,4.9,1.54,33.1,5.4,TC-Kckass
NASDAQ:Z,Z,NASDAQ,91,50.4,7.2,1.7,3.00,29.0,6.6,TC-Speculative
NASDAQ:BIDU,BIDU,NASDAQ,90,46.7,1.7,11.0,1.09,66.4,6.2,TC-Core | RebelAI
NASDAQ:MU,MU,NASDAQ,88,50.0,10.4,12.6,5.14,32.5,4.0,TC-Exceptional
NYSE:SIG,SIG,NYSE,88,44.3,5.8,5.7,2.80,50.6,6.4,TC-Core
NASDAQ:LRCX,LRCX,NASDAQ,88,42.5,5.8,18.0,2.57,34.4,5.2,RebelAI
NASDAQ:CRWD,CRWD,NASDAQ,86,51.1,11.8,45.2,2.29,51.8,5.3,RebelAI
NASDAQ:DXCM,DXCM,NASDAQ,86,49.4,4.8,17.0,1.53,40.0,6.2,TC-Kckass
NYSE:SM,SM,NYSE,85,53.8,4.4,6.2,1.72,45.6,4.7,TC-Exceptional
NYSE:MT,MT,NYSE,85,43.8,2.9,2.9,1.25,61.1,5.6,TC-Exceptional
NASDAQ:WYNN,WYNN,NASDAQ,83,40.6,7.7,9.0,2.59,36.2,4.8,TC-Exceptional
NYSE:RCL,RCL,NYSE,81,38.3,5.2,7.6,2.68,49.3,6.2,TC-Exceptional
NYSE:QBTS,QBTS,NYSE,80,127.5,22.4,12.2,4.83,68.1,2.9,RebelAI
NASDAQ:RGTI,RGTI,NASDAQ,80,124.9,26.3,10.2,3.64,77.0,4.5,RebelAI
NASDAQ:SWKS,SWKS,NASDAQ,77,47.9,-0.1,2.9,0.98,67.7,5.9,TC-Exceptional
NYSE:HAL,HAL,NYSE,77,35.7,3.3,2.0,1.87,30.5,5.2,TC-Exceptional
NYSE:BABA,BABA,NYSE,75,37.6,-3.2,2.6,0.75,57.3,7.2,RebelAI
NYSE:BBWI,BBWI,NYSE,73,41.5,1.8,0.8,1.24,45.0,5.5,TC-Core
NYSE:BFH,BFH,NYSE,72,35.1,2.8,9.9,1.52,31.3,6.4,TC-Core
NASDAQ:AMAT,AMAT,NASDAQ,69,37.8,4.2,11.2,2.60,50.1,4.3,TC-Core
NYSE:SQM,SQM,NYSE,69,34.9,3.6,12.6,1.47,47.3,5.8,TC-Core
NYSE:VLO,VLO,NYSE,69,34.3,6.4,17.3,2.65,28.4,5.7,TC-Kckass
NASDAQ:NXPI,NXPI,NASDAQ,69,39.3,3.2,19.2,1.55,23.9,6.4,TC-Core
NASDAQ:AMZN,AMZN,NASDAQ,65,36.6,-2.1,16.7,0.74,68.9,6.9,TC-Core | RebelAI
NYSE:NOW,NOW,NYSE,64,40.2,7.1,25.3,6.48,25.1,5.9,RebelAI
NASDAQ:QRVO,QRVO,NASDAQ,64,42.2,-0.2,2.7,0.97,31.4,6.9,TC-Speculative
NYSE:CRM,CRM,NYSE,64,35.9,1.9,18.6,1.24,32.8,6.4,TC-Kckass | RebelAI
NYSE:SPOT,SPOT,NYSE,62,44.0,0.8,14.9,1.07,40.6,5.4,TC-Speculative
NASDAQ:AVGO,AVGO,NASDAQ,59,34.6,7.0,38.8,3.32,22.3,5.5,RebelAI
NYSE:WMB,WMB,NYSE,58,30.5,4.4,4.3,2.58,46.4,4.6,TC-Kckass
NASDAQ:ISRG,ISRG,NASDAQ,54,37.4,4.5,22.1,1.95,52.3,6.9,TC-Core
NASDAQ:MNST,MNST,NASDAQ,54,36.2,12.1,33.4,2.07,59.5,5.7,TC-Core
NYSE:F,F,NYSE,50,35.8,0.4,-2.7,1.07,57.4,5.3,TC-Exceptional
NYSE:HPQ,HPQ,NYSE,50,34.4,1.4,0.2,1.31,38.4,5.6,TC-Core
NYSE:MS,MS,NYSE,50,31.8,-0.5,4.4,0.89,63.8,5.6,TC-Exceptional
NASDAQ:TMUS,TMUS,NASDAQ,47,30.2,0.8,6.4,1.16,47.0,5.5,TC-Kckass
NASDAQ:PYPL,PYPL,NASDAQ,45,35.6,-0.2,4.5,0.98,49.6,5.7,TC-Speculative
NASDAQ:META,META,NASDAQ,43,37.9,7.1,21.3,1.95,42.5,6.1,RebelAI
NASDAQ:DLTR,DLTR,NASDAQ,42,34.0,3.3,9.8,1.50,49.2,5.2,TC-Kckass
NASDAQ:ADBE,ADBE,NASDAQ,42,33.3,2.1,11.0,1.36,56.0,5.7,RebelAI
NYSE:DELL,DELL,NYSE,40,35.6,13.1,43.5,5.57,20.2,7.2,RebelAI
NASDAQ:INTC,INTC,NASDAQ,38,32.6,3.4,3.2,1.87,38.9,5.5,RebelAI
NYSE:TSM,TSM,NYSE,38,32.4,3.6,12.6,2.42,46.9,6.1,RebelAI
NYSE:UNM,UNM,NYSE,38,31.5,2.0,4.2,1.39,40.9,5.9,TC-Kckass
NASDAQ:AAPL,AAPL,NASDAQ,38,30.9,4.1,24.2,2.13,78.0,6.8,TC-Core
NYSE:C,C,NYSE,35,30.2,-1.1,-4.0,0.82,66.5,4.8,TC-Core
NYSE:ORCL,ORCL,NYSE,35,30.0,0.7,6.1,1.10,34.4,6.4,RebelAI
NASDAQ:SBUX,SBUX,NASDAQ,35,28.5,7.2,14.2,3.88,22.6,4.1,TC-Exceptional
NYSE:NVO,NVO,NYSE,27,28.5,1.8,14.2,1.34,49.6,6.4,TC-Kckass
NASDAQ:MAR,MAR,NASDAQ,27,28.0,3.0,12.9,1.61,33.0,5.4,TC-Exceptional
NYSE:SLG,SLG,NYSE,27,23.1,2.2,3.3,1.32,41.5,4.9,TC-Core
AMEX:XBI,XBI,AMEX,25,28.3,4.6,11.6,2.58,24.6,5.5,TC-Kckass
